No;TAHUN;RUANG LINGKUP TSP;URUSAN/BIDANG;USULAN PROGRAM/KEGIATAN;PERMASALAHAN;ALAMAT;KALURAHAN;KAPANEWON;Biaya Perkiraan (start range);Biaya Perkiraan (end range);Keterangan;Sumber Usulan;OPD
1;2024;PROGRAM BANTUAN LANGSUNG PADA MASYARAKAT;Pertanian;Bantuan Pupuk dan Peralatan Perkebunan;Fasilitasi pupuk dan bibit organik untuk kelompok tani sebanyak 3 Kelompok Tani;KT Sukatani Nganti, KT Ngudi Makmur Sebatang, KT Sederhana Tirto, Kab. Kulon Progo;Hargotirto;Kokap;5.000;115.000;Tergantung jenis bibitnya;;Dinas Pertanian dan Pangan
2;2024;PROGRAM PEMBERDAYAAN MASYARAKAT DAN INFRASTRUKTUR;Pangan;Bantuan pengelolaan pekarangan untuk KWT (kecuali ikan);Pelatihan Kelompok Wanita Tani sebanyak 1 KWT;KWT Amrih Maju Teganing I, Kab. Kulon Progo;Hargotirto;Kokap;7.642.000;;Pelatihan (untuk 20 orang + 5 Panitia);;Dinas Pertanian dan Pangan
3;2024;PROGRAM BANTUAN LANGSUNG PADA MASYARAKAT;Pertanian;Bantuan Pupuk dan Peralatan Perkebunan;Bantuan rumah produksi pupuk untuk 1 Kelompok Tani;KT Sarwoguno Menguri, Kab. Kulon Progo;Hargotirto;Kokap;10.000.000;;Rumah Kompos;;Dinas Pertanian dan Pangan
4;2024;PROGRAM BANTUAN LANGSUNG PADA MASYARAKAT;Pertanian;Pengadaan bibit tanaman perkebunan;Pengadaan bibit kelapa genjah enthog untuk 2 Kelompok Tani;KT Sarwoguno Menguri, KT Mulyodadi Teganing II, Kab. Kulon Progo;Hargotirto;Kokap;15.772.500;;Fasilitasi Penumbuhan Lumbung Mataraman Untuk KWT;;Dinas Pertanian dan Pangan
5;2024;PROGRAM KEMITRAAN USAHA MIKRO, KECIL, DAN KOPERASI, INDUSTRI KECIL DAN MENENGAH;Koperasi, Usaha Kecil dan Menengah;Pelatihan kewirausahaan SDM pelaku UMKM;Pelatihan kriya kayu dan fasilitasi alat untuk 1 Padukuhan;Padukuhan Crangah, Kab. Kulon Progo;Hargotirto;Kokap;8.500.000;;Pelatihan utk 20 org, halfday tidak termasuk alat/bahan;;Dinas Koperasi Usaha Kecil dan Menengah
6;2024;PROGRAM BANTUAN LANGSUNG PADA MASYARAKAT;Perumahan Rakyat dan Kawasan Permukiman;Bansos RTLH;Bantuan stimulan rumah tidak layak huni sejumlah 100 unit untuk 14 Padukuhan;14 pedukuhan, Kab. Kulon Progo;Hargotirto;Kokap;15.000.000;20.000.000;;;Dinas Pekerjaan Umum Perumahan dan Kawasan Permukiman
7;2024;PROGRAM PEMBERDAYAAN MASYARAKAT DAN INFRASTRUKTUR;Komunikasi dan Informatika;Pengelolaan Jaringan Internet;Masih banyak wilayah yang belum terjangkau jaringan internet;Kalibuko I, Kalibuko II, Papak, Sangon I, Sangon II, Sengir, Plampang I, Plamopang II, Plampang III, Kab. Kulon Progo;Kalirejo;Kokap;;;;;Dinas Komunikasi dan Informatika
8;2024;PROGRAM PEMBERDAYAAN MASYARAKAT DAN INFRASTRUKTUR;Perumahan Rakyat dan Kawasan Permukiman;Penyediaan Prasarana Sarana Utilitas Permukiman (Jalan Lingkungan, Drainase Lingkungan, PJU Lingkungan);Masih banyak jalan lingkungan yang masih jalan tanah dan dimusim penghujan sangat licin sehingga membahayakan bagi pengguna jalan;Kalibuko I, Kalibuko II, Papak, Sangon I, Sangon II, Sengir, Plampang I, Plampang II, Plampang III, Kab. Kulon Progo;Kalirejo;Kokap;2.500.000.000;2.700.000.000;Jalan lingkungan;;Dinas Pekerjaan Umum Perumahan dan Kawasan Permukiman
9;2024;PROGRAM BINA LINGKUNGAN DAN SOSIAL;Sosial;Bantuan sosial untuk PPKS;Pembinaan/ Penangangan Disabilitas, Tuna Rungu, Tuna Wicara, Jompo dan ODGJ untuk 2 Padukuhan;Pedukuhan Nganti dan Sebatang, Kab. Kulon Progo;Hargotirto;Kokap;3.000.000;;Bantuan Sosial utk difabel;;Dinas Sosial Pemberdayaan Perempuan dan Perlindungan Anak
10;2024;PROGRAM PEMBERDAYAAN MASYARAKAT DAN INFRASTRUKTUR;Perhubungan;Pembangunan LPJU;Merupakan jalan utama Jalur Girinyono-Tamanan yang saat ini masih kurang penerangannya 25 titik;Clapr I dan Clapar II, Hargowilis, Kab. Kulon Progo;Hargowilis;Kokap;15.000.000;;LPJU;;Dinas Perhubungan
11;2024;PROGRAM PEMBERDAYAAN MASYARAKAT DAN INFRASTRUKTUR;Perhubungan;Pembangunan LPJU;Sering terjadi kecelakaan di jalan antara Kantor Kalurahan sampai Sidowayah 15 titik;Tegalrejo dan Sidowayah, Hargowilis, Kab. Kulon Progo;Hargowilis;Kokap;15.000.000;;LPJU;;Dinas Perhubungan
12;2024;PROGRAM BINA LINGKUNGAN DAN SOSIAL;Tenaga Kerja;fasilitasi sertifikasi kompetensi pendaftar pelatihan penempatan peserta pelatihan;Kursus Komputer, stir Mobil, Las, Bahasa Inggris untuk 1 Padukuhan;Padukuhan Keji, Kab. Kulon Progo;Hargotirto;Kokap;65.000.000;;Komputer asumsi 100 org;;"Dinas Tenaga Kerja dan Transmigrasi
"
13;2024;PROGRAM KEMITRAAN USAHA MIKRO, KECIL, DAN KOPERASI, INDUSTRI KECIL DAN MENENGAH;Tenaga Kerja;fasilitasi sertifikasi kompetensi pendaftar pelatihan penempatan peserta pelatihan;Pelatihan Pengolahan Bambu untuk 1 Padukuhan;Padukuhan Menguri, Kab. Kulon Progo;Hargotirto;Kokap;16.516.000;;RAB Pelatihan Bambu (20 orang, 3 hari, 8JPL);;Dinas Tenaga Kerja dan Transmigrasi
14;2024;PROGRAM KEMITRAAN USAHA MIKRO, KECIL, DAN KOPERASI, INDUSTRI KECIL DAN MENENGAH;Tenaga Kerja;fasilitasi sertifikasi kompetensi pendaftar pelatihan penempatan peserta pelatihan;Pelatihan percetakan untuk 1 Padukuhan;Padukuhan Crangah, Kab. Kulon Progo;Hargotirto;Kokap;5.000.000;;per orang;;Dinas Tenaga Kerja dan Transmigrasi
15;2024;PROGRAM KEMITRAAN USAHA MIKRO, KECIL, DAN KOPERASI, INDUSTRI KECIL DAN MENENGAH;Tenaga Kerja;fasilitasi sertifikasi kompetensi pendaftar pelatihan penempatan peserta pelatihan;Pelatihan pertukangan untuk 1 Padukuhan;Padukuhan Keji, Kab. Kulon Progo;Hargotirto;Kokap;5.000.000;;per orang;;Dinas Tenaga Kerja dan Transmigrasi
16;2024;PROGRAM KEMITRAAN USAHA MIKRO, KECIL, DAN KOPERASI, INDUSTRI KECIL DAN MENENGAH;Tenaga Kerja;fasilitasi sertifikasi kompetensi pendaftar pelatihan penempatan peserta pelatihan;pelatihan menjahit untuk 3 Kelompok;PKK Kalurahan, Padukuhan Menguri dan Sungapan II, Kab. Kulon Progo;Hargotirto;Kokap;5.000.000;;per orang;;Dinas Tenaga Kerja dan Transmigrasi
17;2024;PROGRAM PEMBERDAYAAN MASYARAKAT DAN INFRASTRUKTUR;Pekerjaan Umum dan Penataan Ruang;Pembangunan Sistem Penyediaan Air Minum;Dimusim kemarau kalirejo selalu kekurangan air bersih;sangon, plampang, kalibuko, Kab. Kulon Progo;Kalirejo;Kokap;7.810.000;;SPAM;;Dinas Pekerjaan Umum Perumahan dan Kawasan Permukiman
18;2024;PROGRAM PEMBERDAYAAN MASYARAKAT DAN INFRASTRUKTUR;Perumahan Rakyat dan Kawasan Permukiman;Penyediaan SR Listrik bagi warga miskin;Masih banyak warga masyarakat yang belum menggunakan meteran listrik sendirian ( SR ) sejumlah 100 KK;Kalibuko I, Kalibuko II, Papak, Sangon I, Sangon II, Sengir, Plampang I, Plampang II, Plampang III, Kab. Kulon Progo;Kalirejo;Kokap;2.000.000;;;;Dinas Pekerjaan Umum Perumahan dan Kawasan Permukiman
19;2024;PROGRAM PEMBERDAYAAN MASYARAKAT DAN INFRASTRUKTUR;Perhubungan;Pembangunan LPJU;Banyak tempat-tempat strategis yang masih gelap 3 titik dengan anggaran Rp 36.000.000,-;Plampang I, Plampang III, Sangon II, Kab. Kulon Progo;Kalirejo;Kokap;15.000.000;;;;Dinas Perhubungan
20;2024;PROGRAM KEMITRAAN USAHA MIKRO, KECIL, DAN KOPERASI, INDUSTRI KECIL DAN MENENGAH;Perindustrian;Bantuan peralatan produksi agro makanan dan minuman;Pelatihan Pengolahan bahan dari Nira kelapa untuk 1 Padukuhan;Padukuhan Menguri, Kab. Kulon Progo;Hargotirto;Kokap;16.966.000;;RAB Pelatihan gula (20 orang, 3 hari, 8JPL);;Dinas Perdagangan dan Perindustrian
21;2024;PROGRAM PEMBERDAYAAN MASYARAKAT DAN INFRASTRUKTUR;Kelautan dan Perikanan;Pelatihan budidaya teknis perikanan kepada pokdakan;Pelatihan Perikanan air darat dan pemberian bibit untuk 1 kelompok;KT Sederhana Tirto, Kab. Kulon Progo;Hargotirto;Kokap;35.000.000;;Pelatihan dg asumsi 100 orang;;Dinas Kelautan dan Perikanan
22;2024;PROGRAM KEMITRAAN USAHA MIKRO, KECIL, DAN KOPERASI, INDUSTRI KECIL DAN MENENGAH;Tenaga Kerja;fasilitasi sertifikasi kompetensi pendaftar pelatihan penempatan peserta pelatihan;Pelatihan IT bagi Karang Taruna untuk 1 kelompok;Padukuhan Nganti, Kab. Kulon Progo;Hargotirto;Kokap;65.000.000;;Pelatihan dengan asumsi 100 org;;Dinas Tenaga Kerja dan Transmigrasi
23;2024;PROGRAM KEMITRAAN USAHA MIKRO, KECIL, DAN KOPERASI, INDUSTRI KECIL DAN MENENGAH;Tenaga Kerja;fasilitasi sertifikasi kompetensi pendaftar pelatihan penempatan peserta pelatihan;Pelatihan ekonomi produktif untuk Karang Taruna untuk 2 kelompok;Padukuhan Menguri dan Teganing II, Kab. Kulon Progo;Hargotirto;Kokap;5.000.000;;Pelatihan per orang;;Dinas Tenaga Kerja dan Transmigrasi
24;2024;PROGRAM BINA LINGKUNGAN DAN SOSIAL;Tenaga Kerja;fasilitasi sertifikasi kompetensi pendaftar pelatihan penempatan peserta pelatihan;Pelatihan karawitan untuk 1 Padukuhan;Padukuhan Sungapan II, Kab. Kulon Progo;Hargotirto;Kokap;32.975.000;;utk 25 org, 20x pertemuan;;Dinas Tenaga Kerja dan Transmigrasi
25;2024;PROGRAM BANTUAN LANGSUNG PADA MASYARAKAT;Perumahan Rakyat dan Kawasan Permukiman;Bansos RTLH;rumah belum layak huni dan belum memenuhi standar kesehatan;pedukuhan klepu hargowilis, Kab. Kulon Progo;Hargowilis;Kokap;15.000.000;20.000.000;;;Dinas Pekerjaan Umum Perumahan dan Kawasan Permukiman
26;2024;PROGRAM BANTUAN LANGSUNG PADA MASYARAKAT;Perumahan Rakyat dan Kawasan Permukiman;Bansos RTLH;rumah belum layak huni dan belum memenuhi standar kesehatan;padukuhan bibis, Kab. Kulon Progo;Hargowilis;Kokap;15.000.000;20.000.000;;;Dinas Pekerjaan Umum Perumahan dan Kawasan Permukiman
27;2024;PROGRAM BANTUAN LANGSUNG PADA MASYARAKAT;Perumahan Rakyat dan Kawasan Permukiman;Bansos RTLH;rumah belum layak huni dan belum memenuhi standar kesehatan;padukuhan tegiri 1, Kab. Kulon Progo;Hargowilis;Kokap;15.000.000;20.000.000;;;Dinas Pekerjaan Umum Perumahan dan Kawasan Permukiman
28;2024;PROGRAM BANTUAN LANGSUNG PADA MASYARAKAT;Perumahan Rakyat dan Kawasan Permukiman;Bansos RTLH;rumah belum layak huni dan belum memenuhi standar kesehatan;padukuhan tegiri 2, Kab. Kulon Progo;Hargowilis;Kokap;15.000.000;20.000.000;;;Dinas Pekerjaan Umum Perumahan dan Kawasan Permukiman
29;2024;PROGRAM BANTUAN LANGSUNG PADA MASYARAKAT;Perumahan Rakyat dan Kawasan Permukiman;Bansos RTLH;rumah belum layak huni dan belum memenuhi standar kesehatan;padukuhan tegalrejo, Kab. Kulon Progo;Hargowilis;Kokap;15.000.000;20.000.000;;;Dinas Pekerjaan Umum Perumahan dan Kawasan Permukiman
30;2024;PROGRAM BANTUAN LANGSUNG PADA MASYARAKAT;Perumahan Rakyat dan Kawasan Permukiman;Bansos RTLH;rumah tidak layak huni dan memenuhi standar kesehatan;padukuhan tegalrejo, Kab. Kulon Progo;Hargowilis;Kokap;15.000.000;20.000.000;;;Dinas Pekerjaan Umum Perumahan dan Kawasan Permukiman
31;2024;PROGRAM BANTUAN LANGSUNG PADA MASYARAKAT;Perumahan Rakyat dan Kawasan Permukiman;Bansos RTLH;rumah tidak layak huni dan memenuhi standar kesehatan;padukuhan tegalrejo, soka, sermo lor, clapar 1, clapar 2, clapar 3 dan kalibiru, Kab. Kulon Progo;Hargowilis;Kokap;15.000.000;20.000.000;;;Dinas Pekerjaan Umum Perumahan dan Kawasan Permukiman
32;2024;PROGRAM PEMBERDAYAAN MASYARAKAT DAN INFRASTRUKTUR;Perumahan Rakyat dan Kawasan Permukiman;Penyediaan SR Listrik bagi warga miskin;rumah tidak layak huni dan memenuhi standar kesehatan;kalurahan hargowilis meliputi 13 padukuhan, Kab. Kulon Progo;Hargowilis;Kokap;2.000.000;;;;Dinas Pekerjaan Umum Perumahan dan Kawasan Permukiman
33;2024;PROGRAM BANTUAN LANGSUNG PADA MASYARAKAT;Perumahan Rakyat dan Kawasan Permukiman;Bansos RTLH;Masih banyak rumah warga yang belum layak huni, baik dari segi bangunan fisik maupun dari segi kesehatan sejumlah 10 unit dengan anggaran Rp. 350.000.000,-;Kalibuko I, Kalibuko II, Papak, Sangon I, Sangon II, Sengir, Plampang I, Plampang II, Plampang III, Kab. Kulon Progo;Kalirejo;Kokap;15.000.000;20.000.000;;;Dinas Pekerjaan Umum Perumahan dan Kawasan Permukiman
34;2024;"PROGRAM BANTUAN LANGSUNG PADA MASYARAKAT
";Pertanian;Bantuan prasarana pertanian tanaman pangan untuk kelompok tani;sarana dan prasarana belum memadai;kelompok tani ngudi mulyo pad tegalrejo, Kab. Kulon Progo;Hargowilis;Kokap;13.728.500;;;;Dinas Pertanian dan Pangan
35;2024;PROGRAM PEMBERDAYAAN MASYARAKAT DAN INFRASTRUKTUR;Perumahan Rakyat dan Kawasan Permukiman;Penyediaan SR Listrik bagi warga miskin;sebagian warag belum memiliki SR;13 Padukuhan di Kalurahan Hargowilis, Kab. Kulon Progo;Hargowilis;Kokap;2.000.000;;;;Dinas Pekerjaan Umum Perumahan dan Kawasan Permukiman
36;2024;PROGRAM KEMITRAAN USAHA MIKRO, KECIL, DAN KOPERASI, INDUSTRI KECIL DAN MENENGAH;Koperasi, Usaha Kecil dan Menengah;Pelatihan penguatan kelembagaan UMKM;Masyarakat kurang pendapatannya, sehingga peningkatan ekonominya sangat lambat;Clapar II, Kab. Kulon Progo;Hargowilis;Kokap;8.500.000;;Pelatihan utk 20 org, halfdaym tidak termasuk alat/bahan;;Dinas Koperasi Usaha Kecil dan Menengah
37;2024;PROGRAM PEMBERDAYAAN MASYARAKAT DAN INFRASTRUKTUR;Perhubungan;Pengadaan Cermin Tikungan;banyak tikungan tajam yang rawan terjadi kecelakaan denganmedan pegunungan;Setiap padukuhan masing-masing 10 titik, Kab. Kulon Progo;Hargowilis;Kokap;3.728.500;7.376.400;shbj 2024;;Dinas Perhubungan
38;2024;PROGRAM PEMBERDAYAAN MASYARAKAT DAN INFRASTRUKTUR;Perhubungan;Pengadaan Cermin Tikungan;Banyak tikungan tajam dan rawan kecelakaan di ruas jalan lokal primer 1 Kokap-Kalirejo ( 1.08.01.005 ) sebanyak 10 unit;Gunung Kukusan,, Kab. Kulon Progo;Kalirejo;Kokap;3.728.500;7.376.400;shbj 2024;;Dinas Perhubungan
39;2024;PROGRAM BINA LINGKUNGAN DAN SOSIAL;Lingkungan Hidup;Pembangunan INSTALASI PEMANEN AIR HUJAN (IPAH);Dimusim kemarau selalu terjadi bencana kekeringan, sehingga perlu bantuan 100 unit IPAH;Kalibuko I, Kalibuko II, Papak, Sangon I, Sangon II, Sengir, Plampang I, Plampang II, Plampang III, Kab. Kulon Progo;Kalirejo;Kokap;7.500.000;;;;Dinas Lingkungan Hidup
40;2024;PROGRAM BINA LINGKUNGAN DAN SOSIAL;Lingkungan Hidup;Pembangunan INSTALASI PEMANEN AIR HUJAN (IPAH);Pada Musim Kemarau Kesulitan Air Bersih;Pedukuhan Plampang 1 Kalirejo 5 Unit, Kab. Kulon Progo;Kalirejo;Kokap;7.500.000;;;;Dinas Lingkungan Hidup
41;2024;PROGRAM BANTUAN LANGSUNG PADA MASYARAKAT;Ketenteraman dan Ketertiban Umum serta Perlindungan Masyarakat;Bantuan Sosial Dropping Air;Pedukuhan Plampang 1 sulit Air bersih ketika kemarau;Pedukuhan Plampang 1 Kalirejo, Kab. Kulon Progo;Kalirejo;Kokap;300.000;;per tangki;;Badan Penanggulangan Bencana Daerah
42;2024;"PROGRAM BANTUAN LANGSUNG PADA MASYARAKAT
";Pertanian;Bantuan Pupuk dan Peralatan Perkebunan;Limbah Organing di Papak Melimpah diperlukan alat pengolahan untuk pertanian Organik;KT. Sido Makmur Papak, Kab. Kulon Progo;Kalirejo;Kokap;29.661.100;;;;Dinas Pertanian dan Pangan
43;2024;PROGRAM BINA LINGKUNGAN DAN SOSIAL;Lingkungan Hidup;Fasilitasi sarana prasarana persampahan untuk bank sampah;Kurangnya saran prasarana pengelaan sampah;Bank Sampah Uwuh Mulyo Hargotirto, Kab. Kulon Progo;Hargotirto;Kokap;1.572.300;27.500.000;"27.500.000 untuk Mesin Pencacah;
1.572.300 untuk Timbangan Digital";;Dinas Lingkungan Hidup
44;2024;PROGRAM PEMBERDAYAAN MASYARAKAT DAN INFRASTRUKTUR;Perhubungan;Pembangunan LPJU;Kalurahan Sidomulyo masih minim LPJU;13 Padukuhan, Kab. Kulon Progo;Sidomulyo;Pengasih;2.500.000;;;;Dinas Perhubungan
45;2024;PROGRAM BANTUAN LANGSUNG PADA MASYARAKAT;Perumahan Rakyat dan Kawasan Permukiman;Bansos RTLH;Masih banyak terdapat rumah yang tidak layak huni;13 Padukuhan, Kab. Kulon Progo;Sidomulyo;Pengasih;15.000.000;20.000.000;;;Dinas Pekerjaan Umum Perumahan dan Kawasan Permukiman
46;2024;PROGRAM PEMBERDAYAAN MASYARAKAT DAN INFRASTRUKTUR;Pekerjaan Umum dan Penataan Ruang;Pembangunan Jalan;Jalan usaha tani 200 m untuk akses jalan petani 2 titik;Padukuhan Pendem,Karangasem, Kab. Kulon Progo;Sidomulyo;Pengasih;200.000.000;;;;Dinas Pekerjaan Umum Perumahan dan Kawasan Permukiman
47;2024;PROGRAM BANTUAN LANGSUNG PADA MASYARAKAT;Sekretariat Daerah;Bantuan Sosial bagi anak yatim piatu;Masih minimnya bantuan bagi anak yatim piatu;13 Padukuhan, Kab. Kulon Progo;Sidomulyo;Pengasih;1.000.000;;Dasar APBD 2023;;Sekretariat Daerah
48;2024;PROGRAM BINA LINGKUNGAN DAN SOSIAL;Lingkungan Hidup;Fasilitasi sarana prasarana persampahan untuk bank sampah;terdapat 6 bank sampah yang belum berfungsi optimal;Pendem,Karangasem,Talunombo,Parakan,Nabin,Kutogiri, Kab. Kulon Progo;Sidomulyo;Pengasih;1.572.300;27.500.000;"27.500.000 untuk Mesin Pencacah;
1.572.300 untuk Timbangan Digital";;Dinas Lingkungan Hidup
49;2024;PROGRAM BANTUAN LANGSUNG PADA MASYARAKAT;Pertanian;Hibah Bibit Ternak (Sapi, kambing, domba);terdapat kelompok tani ternak yang masih menginginkan bantuan untuk pengembangan usaha ternak;13 Padukuhan, Kab. Kulon Progo;Sidomulyo;Pengasih;1.685.400;28.090.000;"21.681.600 - 28.090.000 sapi;  
1.685.400 - 1.685.400 kambing; 
2.809.000 - 10.674.200 Domba
";;Dinas Pertanian dan Pangan
50;2024;PROGRAM BINA LINGKUNGAN DAN SOSIAL;Lingkungan Hidup;Penanaman pohon di daerah tangkapan sekitar mata air dan sempadan sungai;terdapat beberapa tempat mata air dengan kondisi tanaman yang berkurang;6 Padukuhan, Kab. Kulon Progo;Sidomulyo;Pengasih;100.000;;;;Dinas Lingkungan Hidup
51;2024;PROGRAM BANTUAN LANGSUNG PADA MASYARAKAT;Pertanian;Bantuan Pupuk dan Peralatan Perkebunan;beberapa padukuhan membutuhkan traktor cakar baja untuk tanah kegalan;6 padukuhan, Kab. Kulon Progo;Sidomulyo;Pengasih;12.500.000;36.198.100;;;Dinas Pertanian dan Pangan
52;2024;PROGRAM PEMBERDAYAAN MASYARAKAT DAN INFRASTRUKTUR;Kelautan dan Perikanan;Pelatihan budidaya teknis perikanan kepada pokdakan;Hasil panen dan pemasaran ikan lele belum maksimal Pokdakan Jagading Ulam;Padukuhan Girinyono RT 43, Kab. Kulon Progo;Sendangsari;Pengasih;35.000.000;;Pelatihan dg asumsi 100 orang;;Dinas Kelautan dan Perikanan
53;2024;PROGRAM BINA LINGKUNGAN DAN SOSIAL;Lingkungan Hidup;Fasilitasi sarana prasarana persampahan untuk bank sampah;perlengkapan dan peralatan untuk kegiatan bank sampah masih minim Bank sampah Serang Bersinar;Padukuhan Serang, Kab. Kulon Progo;Sendangsari;Pengasih;1.572.300;27.500.000;"27.500.000 untuk Mesin Pencacah;
1.572.300 untuk Timbangan Digital";;Dinas Lingkungan Hidup
54;2024;PROGRAM BANTUAN LANGSUNG PADA MASYARAKAT;Kelautan dan Perikanan;Bantuan benih dan sarana prasarana produksi budidaya ikan kepada Pokdakan;sarana prasarana ( kolam bulat) dan kebutuhan pengadaan benih serta pakan masih terbatas. tidak bisa berproduksi banyak (pokdakan Mikasa ) untuk 20 orang;Padukuhan Serang Rt 02, Kab. Kulon Progo;Sendangsari;Pengasih;1.179.800;3.314.600;"400 - 700 per ekor;
1.179.800 - 3.314.600 per kolam ";;Dinas Kelautan dan Perikanan
55;2024;PROGRAM BANTUAN LANGSUNG PADA MASYARAKAT;Pangan;Bantuan pengelolaan pekarangan untuk KWT (kecuali ikan);pengolahan lahan kurang maksimal dibutuhkan Handtraktor capung dan Hand Sprayer Elektrik untuk 10 kelompok KWT di wilayah Sendangsari;Sendangsari, Kab. Kulon Progo;Sendangsari;Pengasih;737.400;14.500.000;" Hand Sprayer 737.400;
Handtraktor  Capung 14.500.000";;Dinas Pertanian dan Pangan
56;2024;PROGRAM BINA LINGKUNGAN DAN SOSIAL;Lingkungan Hidup;Fasilitasi sarana prasarana persampahan untuk bank sampah;dibutuhkan kendaraan bank sampah roda 3 untuk operasional kegiatan bank sampah sebanyak 13 Unit untuk 13kelompokBank Sampah se- Sendangsari;Sendangsari, Kab. Kulon Progo;Sendangsari;Pengasih;42.000.000;;;;Dinas Lingkungan Hidup
57;2024;PROGRAM KEMITRAAN USAHA MIKRO, KECIL, DAN KOPERASI, INDUSTRI KECIL DAN MENENGAH;Pangan;Bantuan pengelolaan pekarangan untuk KWT (kecuali ikan);KWT dan PKK membutuhkan pelatihan dan pendampingan pemasaran produk pangan lokal. sebanyak 100 orang;Sendangsari, Kab. Kulon Progo;Sendangsari;Pengasih;7.642.000;;Pelatihan (untuk 20 orang + 5 Panitia);;Dinas Pertanian dan Pangan
58;2024;PROGRAM KEMITRAAN USAHA MIKRO, KECIL, DAN KOPERASI, INDUSTRI KECIL DAN MENENGAH;Koperasi, Usaha Kecil dan Menengah;Pelatihan penguatan kelembagaan UMKM;masih minimnya pengetahuan tentang pembuatan, pemasaran dan pengemasan produk olahan pangan bagi UMKM untuk 60 orang;Sendangsari, Kab. Kulon Progo;Sendangsari;Pengasih;8.500.000;;Pelatihan utk 20 org, halfdaym tidak termasuk alat/bahan;;Dinas Koperasi Usaha Kecil dan Menengah
59;2024;PROGRAM BINA LINGKUNGAN DAN SOSIAL;Lingkungan Hidup;Pembangunan INSTALASI PEMANEN AIR HUJAN (IPAH);terganggunya pola tanam ,;Padukuhan Kroco, Kab. Kulon Progo;Sendangsari;Pengasih;7.500.000;;;;Dinas Lingkungan Hidup
60;2024;PROGRAM BINA LINGKUNGAN DAN SOSIAL;Pangan;Bantuan pengelolaan pekarangan untuk KWT (kecuali ikan);Banyak lahan pekarangan belum dimanfaatkan membutuhkan 10.000 batang bibit tananam buah seperti alpukat, durian dan manggis;Padukuhan Puyang, Padukuhan Pagutan, Padukuhan Kedungrong, Kab. Kulon Progo;Purwoharjo;Samigaluh;5.000;115.000;;;Dinas Pertanian dan Pangan
61;2024;PROGRAM BANTUAN LANGSUNG PADA MASYARAKAT;Ketenteraman dan Ketertiban Umum serta Perlindungan Masyarakat;Bantuan Sosial Dropping Air;Adanya wilayah yang mengalami kekeringan di Musim Kemarua kebutuhan pada musim kemarau 100 tangki;Padukuhan Puyang, Pagutan, Plarangan, Sendang Mulyo, Junut, Kab. Kulon Progo;Purwoharjo;Samigaluh;300.000;;per tangki;;Badan Penanggulangan Bencana Daerah
62;2024;PROGRAM PEMBERDAYAAN MASYARAKAT DAN INFRASTRUKTUR;Pekerjaan Umum dan Penataan Ruang;Pembangunan Jalan;Jalan Cor blok atau jalan lingkungan rusak berat sepanjang 325 meter;Jeringan, Kab. Kulon Progo;Kebonharjo;Samigaluh;1.000.000;;per meter;;Dinas Pekerjaan Umum Perumahan dan Kawasan Permukiman
63;2024;PROGRAM PEMBERDAYAAN MASYARAKAT DAN INFRASTRUKTUR;Pekerjaan Umum dan Penataan Ruang;Pembangunan Jalan;Jalan Cor blok atau jalan lingkungan candi rusak berat sepanjang 600 meter;Jalan Ponces - Printali Padukuhan Pringtali No.Ruas 396/2.09.04.006, Kab. Kulon Progo;Kebonharjo;Samigaluh;1.000.000;;;;Dinas Pekerjaan Umum Perumahan dan Kawasan Permukiman
64;2024;PROGRAM PEMBERDAYAAN MASYARAKAT DAN INFRASTRUKTUR;Pekerjaan Umum dan Penataan Ruang;Pembangunan Jalan;Jalan Cor blok atau jalan lingkungan rusak berat sepanjang 400 meter;Gowok, Kab. Kulon Progo;Kebonharjo;Samigaluh;1.000.000;;;;Dinas Pekerjaan Umum Perumahan dan Kawasan Permukiman
65;2024;PROGRAM PEMBERDAYAAN MASYARAKAT DAN INFRASTRUKTUR;Pekerjaan Umum dan Penataan Ruang;Pembangunan Jalan;Jalan Cor blok atau jalan lingkungan rusak berat sepanjang 600 meter;pelem, Kab. Kulon Progo;Kebonharjo;Samigaluh;1.000.000;;;;Dinas Pekerjaan Umum Perumahan dan Kawasan Permukiman
66;2024;PROGRAM PEMBERDAYAAN MASYARAKAT DAN INFRASTRUKTUR;Pekerjaan Umum dan Penataan Ruang;Pembangunan Jalan;Jalan Cor blok atau jalan lingkungan produksi bulu rusak berat sepanjang 325 meter;Pringtali, Kab. Kulon Progo;Kebonharjo;Samigaluh;1.000.000;;;;Dinas Pekerjaan Umum Perumahan dan Kawasan Permukiman
67;2024;PROGRAM PEMBERDAYAAN MASYARAKAT DAN INFRASTRUKTUR;Pekerjaan Umum dan Penataan Ruang;Pembangunan Jaringan Irigasi;Perlunya Bendungan dan Saluran irigasi Dungceleng untuk Peningkatan hasil pertanian;Kleben, Kab. Kulon Progo;Kebonharjo;Samigaluh;1.000.000;;;;Dinas Pekerjaan Umum Perumahan dan Kawasan Permukiman
68;2024;PROGRAM PEMBERDAYAAN MASYARAKAT DAN INFRASTRUKTUR;Perhubungan;Pembangunan LPJU;Memberikan kenyamanan dan keamanan masyarakat sebanyak 70 titik;Padukuhan Kaliduren, Kab. Kulon Progo;Kebonharjo;Samigaluh;2.500.000;;;;Dinas Perhubungan
69;2024;PROGRAM PEMBERDAYAAN MASYARAKAT DAN INFRASTRUKTUR;Perhubungan;Pembangunan LPJU;Memberikan kenyamanan dan keamanan masyarakat;Jeringan, Kab. Kulon Progo;Kebonharjo;Samigaluh;2.500.000;;;;Dinas Perhubungan
70;2024;PROGRAM PEMBERDAYAAN MASYARAKAT DAN INFRASTRUKTUR;Perhubungan;Pembangunan LPJU;Rawan tindak kriminal dan kecelakaan meningkatkan kualitas jalan lingkungan;Jalan Pelemdukuh- Jarakan di PadukuhanJarakan, Padukuhan Kaliduren, Padukuhan Pelem, Padukuhan Gebang, dan PadukuhanKleben No.Ruas 159/1.09.04.015, Kab. Kulon Progo;Kebonharjo;Samigaluh;2.500.000;;;;Dinas Perhubungan
71;2024;PROGRAM BANTUAN LANGSUNG PADA MASYARAKAT;Pertanian;Bantuan Sarana Produksi Hortikultura;Meningkatkan potensi Kalurahan dengan Demplot Tanaman Kelapa dan kopi untuk ketersediaan bibit tanaman unggul seluas 8000 m2;Gowok, Jarakan, Kaliduren, Kedunggupit, Jeringan, Pringtali, Pelem, Gebang, Dangsambuh, Kleben, Kab. Kulon Progo;Kebonharjo;Samigaluh;;;;;Dinas Pertanian dan Pangan
72;2024;PROGRAM BINA LINGKUNGAN DAN SOSIAL;Lingkungan Hidup;Penanaman pohon di daerah tangkapan sekitar mata air dan sempadan sungai;Pelestarian mata air;Gowok, Jarakan, Kaliduren, Kedunggupit, Jeringan, Pringtali, Pelem, Gebang, Dangsambuh, Kleben, Kab. Kulon Progo;Kebonharjo;Samigaluh;100.000;;;;Dinas Lingkungan Hidup
73;2024;PROGRAM BINA LINGKUNGAN DAN SOSIAL;Lingkungan Hidup;Fasilitasi sarana prasarana persampahan untuk bank sampah;Melestarikan lingkungan, mengurangi pencemaran, meningkatkan perekonomian dan Pengelolaan bank sampah;Gowok, Jarakan, Kaliduren, Kedunggupit, Jeringan, Pringtali, Pelem, Gebang, Dangsambuh, Kleben, Kab. Kulon Progo;Kebonharjo;Samigaluh;1.572.300;27.500.000;"27.500.000 untuk Mesin Pencacah;
1.572.300 untuk Timbangan Digital";;Dinas Lingkungan Hidup
74;2024;PROGRAM BINA LINGKUNGAN DAN SOSIAL;Lingkungan Hidup;Pembangunan INSTALASI PENGOLAH AIR LIMBAH (Biogas, Limbah Ternak/Tahu Tempe);Pengolahan limbah domestik dalam upaya peningkatan fasilitas sarana prasarana kesehatan rumah tangga;Gowok, Jarakan, Kaliduren, Kedunggupit, Jeringan, Pringtali, Pelem, Gebang, Dangsambuh, Kleben, Kab. Kulon Progo;Kebonharjo;Samigaluh;30.000.000;;;;Dinas Lingkungan Hidup
75;2024;PROGRAM KEMITRAAN USAHA MIKRO, KECIL, DAN KOPERASI, INDUSTRI KECIL DAN MENENGAH;Koperasi, Usaha Kecil dan Menengah;Pelatihan kewirausahaan SDM pelaku UMKM;Meningkatkan kesejahteraan warga;Gowok, Jarakan, Kaliduren, Kedunggupit, Jeringan, Pringtali, Pelem, Gebang, Dangsambuh, Kleben, Kab. Kulon Progo;Kebonharjo;Samigaluh;8.500.000;;;;Dinas Koperasi Usaha Kecil dan Menengah
76;2024;PROGRAM KEMITRAAN USAHA MIKRO, KECIL, DAN KOPERASI, INDUSTRI KECIL DAN MENENGAH;Koperasi, Usaha Kecil dan Menengah;Pelatihan penguatan kelembagaan UMKM;Meningkatkan kesejahteraan warga dengan pengadaan Alat untuk pengembangan ekonomi Pedesaan non Pertanian;Gowok, Jarakan, Kaliduren, Kedunggupit, Jeringan, Pringtali, Pelem, Gebang, Dangsambuh, Kleben, Kab. Kulon Progo;Kebonharjo;Samigaluh;8.500.000;;;;Dinas Koperasi Usaha Kecil dan Menengah
77;2024;PROGRAM BINA LINGKUNGAN DAN SOSIAL;Sosial;Pembinaan Lembaga Kesejahteraan Sosial (LKS);Peningkatan kapasitas atau Pelatihan penyuluhan pemberdayaan Perempuan dan perlindungan Anak sebagai upaya perlindungan perempuan dan anak;Gowok, Jarakan, Kaliduren, Kedunggupit, Jeringan, Pringtali, Pelem, Gebang, Dangsambuh, Kleben, Kab. Kulon Progo;Kebonharjo;Samigaluh;8.550.000;;;;Dinas Sosial Pemberdayaan Perempuan dan Perlindungan Anak
78;2024;PROGRAM PEMBERDAYAAN MASYARAKAT DAN INFRASTRUKTUR;Kepemudaan dan Olahraga;Penyediaan Sarana dan Prasarana Pemuda dan Olahraga;Lantai Lapangan GOR Banjarsari saat ini masih lantai semen agar lebih aman saat di gunakan perlu pengadaan lantai interlock seluas 15x25 meter;RT 30 RW 14, Padukuhan Balong VIII, Kalurahan Banjarsari, Kab. Kulon Progo;Banjarsari;Samigaluh;60.000.000;;Dindik, utk lap bulu tangkis GOR Djarum Magelang;;Dinas Pendidikan Pemuda dan Olahraga
79;2024;PROGRAM PEMBERDAYAAN MASYARAKAT DAN INFRASTRUKTUR;Pariwisata;Pembangunan Pembangunan dan Rehab Toilet atau Rehab Pos Retribusi;Lokasi agrowisata Bukit Tanggulangsi belum ada Bangunan Toilet;Kaliapak, Kalurahan Banjarsari, Kab. Kulon Progo;Banjarsari;Samigaluh;312.000.000;;;;Dinas Pariwisata
80;2024;PROGRAM BANTUAN LANGSUNG PADA MASYARAKAT;Perumahan Rakyat dan Kawasan Permukiman;Bansos RTLH;Masih banyak rumah yang belum memenuhi standart kelayakan a.n Mirat 3401114501460001;Rt. 11 Rw. 05 Plarangan, Kab. Kulon Progo;Purwoharjo;Samigaluh;15.000.000;20.000.000;;;Dinas Pekerjaan Umum Perumahan dan Kawasan Permukiman
81;2024;PROGRAM BANTUAN LANGSUNG PADA MASYARAKAT;Perumahan Rakyat dan Kawasan Permukiman;Bansos RTLH;Masih banyak rumah yang belum memenuhi standart kelayakan a.n Ngatinem NIK : 3401117112390080;Rt. Rt.07 Rw.03 Bangunrejo, Kab. Kulon Progo;Purwoharjo;Samigaluh;15.000.000;20.000.000;;;Dinas Pekerjaan Umum Perumahan dan Kawasan Permukiman
82;2024;PROGRAM BANTUAN LANGSUNG PADA MASYARAKAT;Perumahan Rakyat dan Kawasan Permukiman;Bansos RTLH;Rumah yang belum memenuhi standart kelayakan a.n Kemijan NIK : 3401113110640001;Rt. 6 Rw. 03 Bangunrejo, Kab. Kulon Progo;Purwoharjo;Samigaluh;15.000.000;20.000.000;;;Dinas Pekerjaan Umum Perumahan dan Kawasan Permukiman
83;2024;PROGRAM BANTUAN LANGSUNG PADA MASYARAKAT;Perumahan Rakyat dan Kawasan Permukiman;Bansos RTLH;Rumah yang belum memenuhi standart kelayakan a.n Wakidi NIK : 3401112911670001;Rt. 6 Rw.03 Bangunrejo, Kab. Kulon Progo;Purwoharjo;Samigaluh;15.000.000;20.000.000;;;Dinas Pekerjaan Umum Perumahan dan Kawasan Permukiman
84;2024;PROGRAM BANTUAN LANGSUNG PADA MASYARAKAT;Perumahan Rakyat dan Kawasan Permukiman;Bansos RTLH;Masih banyak rumah yang belum memenuhi standart kelayakan a.n Ngatijah NIK : 3401117012470004;Rt.07 Rw. 03Bangunrejo, Kab. Kulon Progo;Purwoharjo;Samigaluh;15.000.000;20.000.000;;;Dinas Pekerjaan Umum Perumahan dan Kawasan Permukiman
85;2024;PROGRAM BANTUAN LANGSUNG PADA MASYARAKAT;Perumahan Rakyat dan Kawasan Permukiman;Bansos RTLH;Rumah yang belum memenuhi standart kelayakan a.n Boniyem NIK 3401115602440001;Rt.5 Rw.03 Bangunrejo, Kab. Kulon Progo;Purwoharjo;Samigaluh;15.000.000;20.000.000;;;Dinas Pekerjaan Umum Perumahan dan Kawasan Permukiman
86;2024;PROGRAM BANTUAN LANGSUNG PADA MASYARAKAT;Perumahan Rakyat dan Kawasan Permukiman;Bansos RTLH;Rumah yang belum memenuhi standart kelayakan a.n Sukirno NIK : 3401112106750000;Rt. 17 Rw.8 Taman, Kab. Kulon Progo;Purwoharjo;Samigaluh;15.000.000;20.000.000;;;Dinas Pekerjaan Umum Perumahan dan Kawasan Permukiman
87;2024;PROGRAM BANTUAN LANGSUNG PADA MASYARAKAT;Perumahan Rakyat dan Kawasan Permukiman;Bansos RTLH;Rumah yang belum memenuhi standart kelayakan a.n Sumanto NIK 3603160203780004;Rt.16 Rw.8 Taman, Kab. Kulon Progo;Purwoharjo;Samigaluh;15.000.000;20.000.000;;;Dinas Pekerjaan Umum Perumahan dan Kawasan Permukiman
88;2024;PROGRAM BANTUAN LANGSUNG PADA MASYARAKAT;Perumahan Rakyat dan Kawasan Permukiman;Bansos RTLH;Rumah yang belum memenuhi standart kelayakan a.n Tri Waluyo NIK : 3401111811850001;Rt. 22 Rw.11 Sendangrejo, Kab. Kulon Progo;Purwoharjo;Samigaluh;15.000.000;20.000.000;;;Dinas Pekerjaan Umum Perumahan dan Kawasan Permukiman
89;2024;PROGRAM BANTUAN LANGSUNG PADA MASYARAKAT;Perumahan Rakyat dan Kawasan Permukiman;Bansos RTLH;Rumah yang belum memenuhi standart kelayakan a.n Mei Riyadi NIK : 3401111405880004;Rt.26 Rw.13 Kalinongko, Kab. Kulon Progo;Purwoharjo;Samigaluh;15.000.000;20.000.000;;;Dinas Pekerjaan Umum Perumahan dan Kawasan Permukiman
90;2024;PROGRAM BANTUAN LANGSUNG PADA MASYARAKAT;Perumahan Rakyat dan Kawasan Permukiman;Bansos RTLH;Rumah yang belum memenuhi standart kelayakan a.n Diyono Al Waljidi NIK : 3401111703560001;Rt. 28 Rw.14 Kalinongko, Kab. Kulon Progo;Purwoharjo;Samigaluh;15.000.000;20.000.000;;;Dinas Pekerjaan Umum Perumahan dan Kawasan Permukiman
91;2024;PROGRAM BANTUAN LANGSUNG PADA MASYARAKAT;Perumahan Rakyat dan Kawasan Permukiman;Bansos RTLH;Rumah yang belum memenuhi standart kelayakan a.n Somonadi NIK : 3401112210510001;Rt.27 Rw.13 Kalinongko, Kab. Kulon Progo;Purwoharjo;Samigaluh;15.000.000;20.000.000;;;Dinas Pekerjaan Umum Perumahan dan Kawasan Permukiman
92;2024;PROGRAM BANTUAN LANGSUNG PADA MASYARAKAT;Perumahan Rakyat dan Kawasan Permukiman;Bansos RTLH;Rumah yang belum memenuhi standart kelayakan a.n Sudarmadi NIK : 3401112904720002;Rt. 36 Rw.18 Besole, Kab. Kulon Progo;Purwoharjo;Samigaluh;15.000.000;20.000.000;;;Dinas Pekerjaan Umum Perumahan dan Kawasan Permukiman
93;2024;PROGRAM BANTUAN LANGSUNG PADA MASYARAKAT;Perumahan Rakyat dan Kawasan Permukiman;Bansos RTLH;Rumah yang belum memenuhi standart kelayakan a.n Muklas NIK : 3401112905980001;Rt. 34 Rw.17 Besole, Kab. Kulon Progo;Purwoharjo;Samigaluh;15.000.000;20.000.000;;;Dinas Pekerjaan Umum Perumahan dan Kawasan Permukiman
94;2024;PROGRAM BANTUAN LANGSUNG PADA MASYARAKAT;Perumahan Rakyat dan Kawasan Permukiman;Bansos RTLH;Rumah yang belum memenuhi standart kelayakan a.n Juminto NIK : 3401112207700000;Rt.36 Rw. 18 Besole, Kab. Kulon Progo;Purwoharjo;Samigaluh;15.000.000;20.000.000;;;Dinas Pekerjaan Umum Perumahan dan Kawasan Permukiman
95;2024;PROGRAM BANTUAN LANGSUNG PADA MASYARAKAT;Perumahan Rakyat dan Kawasan Permukiman;Bansos RTLH;Rumah yang belum memenuhi standart kelayakan a.n Dalidi NIK : 3401111001780003;Rt. 34 rw. 17 Besole, Kab. Kulon Progo;Purwoharjo;Samigaluh;15.000.000;20.000.000;;;Dinas Pekerjaan Umum Perumahan dan Kawasan Permukiman
96;2024;PROGRAM BANTUAN LANGSUNG PADA MASYARAKAT;Perumahan Rakyat dan Kawasan Permukiman;Bansos RTLH;Rumah yang belum memenuhi standart kelayakan a.n Kirjan NIK : 3401110710670001;Rt. 46 Rw. 22 Junut, Kab. Kulon Progo;Purwoharjo;Samigaluh;15.000.000;20.000.000;;;Dinas Pekerjaan Umum Perumahan dan Kawasan Permukiman
97;2024;PROGRAM BANTUAN LANGSUNG PADA MASYARAKAT;Perumahan Rakyat dan Kawasan Permukiman;Bansos RTLH;Rumah yang belum memenuhi standart kelayakan a.n Suraji NIK : 3401110508650000;Rt.43 Rw. 21 Junut, Kab. Kulon Progo;Purwoharjo;Samigaluh;15.000.000;20.000.000;;;Dinas Pekerjaan Umum Perumahan dan Kawasan Permukiman
98;2024;PROGRAM BANTUAN LANGSUNG PADA MASYARAKAT;Perumahan Rakyat dan Kawasan Permukiman;Bansos RTLH;Rumah yang belum memenuhi standart kelayakan a.n Ngateno NIK : 3401111109620001;Rt. 45 R w.22 Junut, Kab. Kulon Progo;Purwoharjo;Samigaluh;15.000.000;20.000.000;;;Dinas Pekerjaan Umum Perumahan dan Kawasan Permukiman
99;2024;PROGRAM BANTUAN LANGSUNG PADA MASYARAKAT;Perumahan Rakyat dan Kawasan Permukiman;Bansos RTLH;Rumah yang belum memenuhi standart kelayakan a.n Waginem NIK : 3401114103520001;Rt. 43 Rw. 21 Junut, Kab. Kulon Progo;Purwoharjo;Samigaluh;15.000.000;20.000.000;;;Dinas Pekerjaan Umum Perumahan dan Kawasan Permukiman
100;2024;PROGRAM BANTUAN LANGSUNG PADA MASYARAKAT;Perumahan Rakyat dan Kawasan Permukiman;Bansos RTLH;Rumah yang belum memenuhi standart kelayakan a.n Sarijo NIK : 3401112707500001;Rt. 49 rw. 24 Duwet, Kab. Kulon Progo;Purwoharjo;Samigaluh;15.000.000;20.000.000;;;Dinas Pekerjaan Umum Perumahan dan Kawasan Permukiman
101;2024;PROGRAM BANTUAN LANGSUNG PADA MASYARAKAT;Perumahan Rakyat dan Kawasan Permukiman;Bansos RTLH;Rumah yang belum memenuhi standart kelayakan a.n Martilah NIK : 3401115904610002;Rt. 49. Rw. 24 Duwet, Kab. Kulon Progo;Purwoharjo;Samigaluh;15.000.000;20.000.000;;;Dinas Pekerjaan Umum Perumahan dan Kawasan Permukiman
102;2024;PROGRAM BANTUAN LANGSUNG PADA MASYARAKAT;Perumahan Rakyat dan Kawasan Permukiman;Bansos RTLH;Rumah yang belum memenuhi standart kelayakan a.n Daladi NIK : 3401110403660000;Rt. 48 Rw. 23 Duwet, Kab. Kulon Progo;Purwoharjo;Samigaluh;15.000.000;20.000.000;;;Dinas Pekerjaan Umum Perumahan dan Kawasan Permukiman
103;2024;PROGRAM BANTUAN LANGSUNG PADA MASYARAKAT;Perumahan Rakyat dan Kawasan Permukiman;Bansos RTLH;Rumah yang belum memenuhi standart kelayakan a.n Poniyo NIK : 3401112201540001;Rt. 47 rw. 23 Duwet, Kab. Kulon Progo;Purwoharjo;Samigaluh;15.000.000;20.000.000;;;Dinas Pekerjaan Umum Perumahan dan Kawasan Permukiman
104;2024;PROGRAM BANTUAN LANGSUNG PADA MASYARAKAT;Perumahan Rakyat dan Kawasan Permukiman;Bansos RTLH;Rumah yang belum memenuhi standart kelayakan a.n Kemiran NIK : 3401112401640001;Rt. 47 rw. 23 Duwet, Kab. Kulon Progo;Purwoharjo;Samigaluh;15.000.000;20.000.000;;;Dinas Pekerjaan Umum Perumahan dan Kawasan Permukiman
105;2024;PROGRAM BANTUAN LANGSUNG PADA MASYARAKAT;Perumahan Rakyat dan Kawasan Permukiman;Bansos RTLH;Rumah yang belum memenuhi standart kelayakan a.n Sugiman NIK : 3401110405600001;Rt. 48 Rw. 23 Duwet, Kab. Kulon Progo;Purwoharjo;Samigaluh;15.000.000;20.000.000;;;Dinas Pekerjaan Umum Perumahan dan Kawasan Permukiman
106;2024;PROGRAM BANTUAN LANGSUNG PADA MASYARAKAT;Perumahan Rakyat dan Kawasan Permukiman;Bansos RTLH;Rumah yang belum memenuhi standart kelayakan a.n Supoyo NIK : 3401112807680001;Rt. 50 Rw. 24 Duwet, Kab. Kulon Progo;Purwoharjo;Samigaluh;15.000.000;20.000.000;;;Dinas Pekerjaan Umum Perumahan dan Kawasan Permukiman
107;2024;PROGRAM BANTUAN LANGSUNG PADA MASYARAKAT;Perumahan Rakyat dan Kawasan Permukiman;Bansos RTLH;Rumah yang belum memenuhi standart kelayakan a.n Kariyonadi NIK : 3401112112420001;Rt. 57 Rw. 28 Dukuh, Kab. Kulon Progo;Purwoharjo;Samigaluh;15.000.000;20.000.000;;;Dinas Pekerjaan Umum Perumahan dan Kawasan Permukiman
108;2024;PROGRAM BANTUAN LANGSUNG PADA MASYARAKAT;Perumahan Rakyat dan Kawasan Permukiman;Bansos RTLH;Rumah yang belum memenuhi standart kelayakan a.n Widi Wiyono NIK : 3401113112390025;Rt. 19 Rw. 9 Puyang, Kab. Kulon Progo;Purwoharjo;Samigaluh;15.000.000;20.000.000;;;Dinas Pekerjaan Umum Perumahan dan Kawasan Permukiman
109;2024;PROGRAM BANTUAN LANGSUNG PADA MASYARAKAT;Perumahan Rakyat dan Kawasan Permukiman;Bansos RTLH;Rumah yang belum memenuhi standart kelayakan a.n Sarjiyono NIK : 3401112511790002;Rt. 19 Rw. 9 Puyang, Kab. Kulon Progo;Purwoharjo;Samigaluh;15.000.000;20.000.000;;;Dinas Pekerjaan Umum Perumahan dan Kawasan Permukiman
110;2024;PROGRAM BANTUAN LANGSUNG PADA MASYARAKAT;Perumahan Rakyat dan Kawasan Permukiman;Bansos RTLH;Rumah yang belum memenuhi standart kelayakan a.n Sugeng Sugono NIK : 3401111109670001;Rt. Rt. 20 rw. 10 Puyang, Kab. Kulon Progo;Purwoharjo;Samigaluh;15.000.000;20.000.000;;;Dinas Pekerjaan Umum Perumahan dan Kawasan Permukiman
111;2024;PROGRAM BANTUAN LANGSUNG PADA MASYARAKAT;Perumahan Rakyat dan Kawasan Permukiman;Bansos RTLH;Rumah yang belum memenuhi standart kelayakan a.n Wiji Wiyono NIK : 3401113112400020;Rt. 20 Rw. 10 Puyang, Kab. Kulon Progo;Purwoharjo;Samigaluh;15.000.000;20.000.000;;;Dinas Pekerjaan Umum Perumahan dan Kawasan Permukiman
112;2024;PROGRAM BANTUAN LANGSUNG PADA MASYARAKAT;Perumahan Rakyat dan Kawasan Permukiman;Bansos RTLH;Rumah yang belum memenuhi standart kelayakan a.n Sardi NIK : 3401110205520001;Rt. 39 rw. 19 Pagutan, Kab. Kulon Progo;Purwoharjo;Samigaluh;15.000.000;20.000.000;;;Dinas Pekerjaan Umum Perumahan dan Kawasan Permukiman
113;2024;PROGRAM BANTUAN LANGSUNG PADA MASYARAKAT;Perumahan Rakyat dan Kawasan Permukiman;Bansos RTLH;Rumah yang belum memenuhi standart kelayakan a.n Legiman NIK : 3401112706710001;Rt. 40 Rw. 20 Pagutan, Kab. Kulon Progo;Purwoharjo;Samigaluh;15.000.000;20.000.000;;;Dinas Pekerjaan Umum Perumahan dan Kawasan Permukiman
114;2024;PROGRAM BANTUAN LANGSUNG PADA MASYARAKAT;Perumahan Rakyat dan Kawasan Permukiman;Bansos RTLH;Rumah yang belum memenuhi standart kelayakan a.n Suparian NIK : 3401110704710003;Rt. 38. Rw. 19 Pagutan, Kab. Kulon Progo;Purwoharjo;Samigaluh;15.000.000;20.000.000;;;Dinas Pekerjaan Umum Perumahan dan Kawasan Permukiman
115;2024;PROGRAM BANTUAN LANGSUNG PADA MASYARAKAT;Perumahan Rakyat dan Kawasan Permukiman;Bansos RTLH;Rumah yang belum memenuhi standart kelayakan a.n Ngatiyah NIK : 3401114206540001;Rt.39 Rw. 19 Pagutan, Kab. Kulon Progo;Purwoharjo;Samigaluh;15.000.000;20.000.000;;;Dinas Pekerjaan Umum Perumahan dan Kawasan Permukiman
116;2024;PROGRAM BANTUAN LANGSUNG PADA MASYARAKAT;Perumahan Rakyat dan Kawasan Permukiman;Bansos RTLH;Rumah yang belum memenuhi standart kelayakan a.n PonijanNIK : 3401111302830001;Rt. 41 Rw. 20 Pagutan, Kab. Kulon Progo;Purwoharjo;Samigaluh;15.000.000;20.000.000;;;Dinas Pekerjaan Umum Perumahan dan Kawasan Permukiman
117;2024;PROGRAM BANTUAN LANGSUNG PADA MASYARAKAT;Perumahan Rakyat dan Kawasan Permukiman;Bansos RTLH;Rumah yang belum memenuhi standart kelayakan a.n Sugeng Riyadi NIK : 3401110205840002;Rt.46 Rw.22 Junut, Kab. Kulon Progo;Purwoharjo;Samigaluh;15.000.000;20.000.000;;;Dinas Pekerjaan Umum Perumahan dan Kawasan Permukiman
118;2024;PROGRAM BANTUAN LANGSUNG PADA MASYARAKAT;Perumahan Rakyat dan Kawasan Permukiman;Bansos RTLH;Rumah yang belum memenuhi standart kelayakan a.n Keman NIK : 3401113112700005;Rt. 46 Rw. 22 Junut, Kab. Kulon Progo;Purwoharjo;Samigaluh;15.000.000;20.000.000;;;Dinas Pekerjaan Umum Perumahan dan Kawasan Permukiman
119;2024;PROGRAM BANTUAN LANGSUNG PADA MASYARAKAT;Perumahan Rakyat dan Kawasan Permukiman;Bansos RTLH;Rumah yang belum memenuhi standart kelayakan a.n Komdi NIK : 3401112610400001;Rt.29 Rw. 14 Kalinongko, Kab. Kulon Progo;Purwoharjo;Samigaluh;15.000.000;20.000.000;;;Dinas Pekerjaan Umum Perumahan dan Kawasan Permukiman
120;2024;PROGRAM BANTUAN LANGSUNG PADA MASYARAKAT;Perumahan Rakyat dan Kawasan Permukiman;Bansos RTLH;Rumah yang belum memenuhi standart kelayakan a.n Saijo NIK : 3401113112590013;Rt. 27 Rw.13 Kalinongko, Kab. Kulon Progo;Purwoharjo;Samigaluh;15.000.000;20.000.000;;;Dinas Pekerjaan Umum Perumahan dan Kawasan Permukiman
121;2024;PROGRAM BANTUAN LANGSUNG PADA MASYARAKAT;Perumahan Rakyat dan Kawasan Permukiman;Bansos RTLH;Rumah yang belum memenuhi standart kelayakan a.n Pariyem NIK : 3401115106390001;Rt. 27 Rw.13 Kalinongko, Kab. Kulon Progo;Purwoharjo;Samigaluh;15.000.000;20.000.000;;;Dinas Pekerjaan Umum Perumahan dan Kawasan Permukiman
122;2024;PROGRAM BANTUAN LANGSUNG PADA MASYARAKAT;Perumahan Rakyat dan Kawasan Permukiman;Bansos RTLH;Rumah yang belum memenuhi standart kelayakan a.n Harjo Sumardiyono NIK : 3401111510440001;Rt.24 rw. 12 Sendangrejo, Kab. Kulon Progo;Purwoharjo;Samigaluh;15.000.000;20.000.000;;;Dinas Pekerjaan Umum Perumahan dan Kawasan Permukiman
123;2024;PROGRAM KEMITRAAN USAHA MIKRO, KECIL, DAN KOPERASI, INDUSTRI KECIL DAN MENENGAH;Pemberdayaan Masyarakat dan Desa;Pembinaan pengelolaan BUMDes;Pengelolaan unit usaha yang masih sulit dan pengelolaan keuanga n yang belum rapi;BUMDes Binangun Bantala Aji Banjarsari, Kalurahan Banjarsari, Kab. Kulon Progo;Banjarsari;Samigaluh;21.000.000;;;;"Dinas Pemberdayaan Masyarakat dan Desa Pengendalian Penduduk dan Keluarga Berencana
 "
124;2024;PROGRAM PEMBERDAYAAN MASYARAKAT DAN INFRASTRUKTUR;Pariwisata;Pemberdayaan Pelaku Wisata;SDM kurang/Peningkatan SDM pelaku wisata;RT 5 RW 2 Padukuhan Kaliapak, Kalurahan Banjarsari, Kab. Kulon Progo;Banjarsari;Samigaluh;2.700.000;;;;Dinas Pariwisata
125;2024;PROGRAM BINA LINGKUNGAN DAN SOSIAL;Pariwisata;Pengembangan Desa Wisata;Pengembangan Desa Wisata masih terkendala SDM dan Anggaran;RT 5 RW 2 Padukuhan Kaliapak, Kalurahan Banjarsari, Kab. Kulon Progo;Banjarsari;Samigaluh;2.700.000;;;;Dinas Pariwisata
126;2024;PROGRAM PEMBERDAYAAN MASYARAKAT DAN INFRASTRUKTUR;Perhubungan;Pembangunan LPJU;Belum adanya lampu penerangan jalan membutuhkan 5 titik;Jalan Lokal Primer I Ruas Ngori-Nogosari, Gunung Kucir, Kalurahan Banjarsari, Kab. Kulon Progo;Banjarsari;Samigaluh;15.000.000;;;;Dinas Perhubungan
127;2024;PROGRAM BINA LINGKUNGAN DAN SOSIAL;Lingkungan Hidup;Pembangunan Sumur Resapan;Agar tingkat air tanah terjaga dan menjaga mata air;RT 27 RW 13 Padukuhan Klendrekan, Kalurahan Banjarsari, Kab. Kulon Progo;Banjarsari;Samigaluh;3.500.000;;;;Dinas Lingkungan Hidup
128;2024;PROGRAM BINA LINGKUNGAN DAN SOSIAL;Lingkungan Hidup;Penanaman pohon di daerah tangkapan sekitar mata air dan sempadan sungai;Menjaga Kelestarian Sumber mata air;Padukuhan Ngaran III, Kalurahan Banjarsari, Kab. Kulon Progo;Banjarsari;Samigaluh;100.000;;;;Dinas Lingkungan Hidup
129;2024;PROGRAM BANTUAN LANGSUNG PADA MASYARAKAT;Perumahan Rakyat dan Kawasan Permukiman;Bansos RTLH;Rumah yang belum memenuhi standart kelayakan a.n Parji NIK : 3401110610580001;Rt.24 Rw.12 Sendangrejo, Kab. Kulon Progo;Purwoharjo;Samigaluh;15.000.000;20.000.000;;;Dinas Pekerjaan Umum Perumahan dan Kawasan Permukiman
130;2024;PROGRAM BANTUAN LANGSUNG PADA MASYARAKAT;Perumahan Rakyat dan Kawasan Permukiman;Bansos RTLH;Rumah yang belum memenuhi standart kelayakan a.n Musiman NIK : 3401110711520002;Rt. 17 Rw. 8 Taman, Kab. Kulon Progo;Purwoharjo;Samigaluh;15.000.000;20.000.000;;;Dinas Pekerjaan Umum Perumahan dan Kawasan Permukiman
131;2024;PROGRAM BANTUAN LANGSUNG PADA MASYARAKAT;Perumahan Rakyat dan Kawasan Permukiman;Bansos RTLH;Rumah yang belum memenuhi standart kelayakan a.n Sudarmanto NIK : 3401112503620003;Rt. 5 Rw. 3 Bangunrejo, Kab. Kulon Progo;Purwoharjo;Samigaluh;15.000.000;20.000.000;;;Dinas Pekerjaan Umum Perumahan dan Kawasan Permukiman
132;2024;PROGRAM BANTUAN LANGSUNG PADA MASYARAKAT;Perumahan Rakyat dan Kawasan Permukiman;Bansos RTLH;Rumah yang belum memenuhi standart kelayakan a.n Alvian Nursyaid NIK : 3401 1111 03950001;Rt. 05 Rw. 03 Padukuhan Bangunrejo, Kab. Kulon Progo;Purwoharjo;Samigaluh;15.000.000;20.000.000;;;Dinas Pekerjaan Umum Perumahan dan Kawasan Permukiman
133;2024;PROGRAM BANTUAN LANGSUNG PADA MASYARAKAT;Perumahan Rakyat dan Kawasan Permukiman;Bansos RTLH;Rumah yang belum memenuhi standart kelayakan a.n Ngatijah NIK : 3401 1170 12470004;Rt. 07 Rw. 04 Padukuhan Bangunrejo, Kab. Kulon Progo;Purwoharjo;Samigaluh;15.000.000;20.000.000;;;Dinas Pekerjaan Umum Perumahan dan Kawasan Permukiman
134;2024;PROGRAM BANTUAN LANGSUNG PADA MASYARAKAT;Perumahan Rakyat dan Kawasan Permukiman;Bansos RTLH;Rumah yang belum memenuhi standart kelayakan a.n Maryoto NIK : 3401 1113 04760001;Rt. 08 Rw. 04 Padukuhan Bangunrejo, Kab. Kulon Progo;Purwoharjo;Samigaluh;15.000.000;20.000.000;;;Dinas Pekerjaan Umum Perumahan dan Kawasan Permukiman
135;2024;PROGRAM BANTUAN LANGSUNG PADA MASYARAKAT;Perumahan Rakyat dan Kawasan Permukiman;Bansos RTLH;Rumah yang belum memenuhi standart kelayakan a.n Kemijan NIK : 3401 1131 10640001;Rt. 06 Rw. 03 Padukuhan Bangunrej, Kab. Kulon Progo;Purwoharjo;Samigaluh;15.000.000;20.000.000;;;Dinas Pekerjaan Umum Perumahan dan Kawasan Permukiman
136;2024;PROGRAM BANTUAN LANGSUNG PADA MASYARAKAT;Perumahan Rakyat dan Kawasan Permukiman;Bansos RTLH;Rumah yang belum memenuhi standart kelayakan a.n Martiyah NIK : 3401 119 012490003;Rt. 18 Pedukuhan Puyang, Kab. Kulon Progo;Purwoharjo;Samigaluh;15.000.000;20.000.000;;;Dinas Pekerjaan Umum Perumahan dan Kawasan Permukiman
137;2024;PROGRAM BANTUAN LANGSUNG PADA MASYARAKAT;Perumahan Rakyat dan Kawasan Permukiman;Bansos RTLH;Rumah yang belum memenuhi standart kelayakan a.n Widi Wiyono NIK : 3401 1131 12390025;RT.20 Padukuhan Puyang, Kab. Kulon Progo;Purwoharjo;Samigaluh;15.000.000;20.000.000;;;Dinas Pekerjaan Umum Perumahan dan Kawasan Permukiman
138;2024;PROGRAM BANTUAN LANGSUNG PADA MASYARAKAT;Perumahan Rakyat dan Kawasan Permukiman;Bansos RTLH;Rumah yang belum memenuhi standart kelayakan a.n Sarjiyono NIK : 3401 11251 1790002;Rt.19 Padukuhan Puyang, Kab. Kulon Progo;Purwoharjo;Samigaluh;15.000.000;20.000.000;;;Dinas Pekerjaan Umum Perumahan dan Kawasan Permukiman
139;2024;PROGRAM BANTUAN LANGSUNG PADA MASYARAKAT;Perumahan Rakyat dan Kawasan Permukiman;Bansos RTLH;Rumah yang belum memenuhi standart kelayakan a.n Slamet Iswanto NIK : 3403 08020 2720002;RT.20 Padukuhan Puyang, Kab. Kulon Progo;Purwoharjo;Samigaluh;15.000.000;20.000.000;;;Dinas Pekerjaan Umum Perumahan dan Kawasan Permukiman
140;2024;PROGRAM BANTUAN LANGSUNG PADA MASYARAKAT;Perumahan Rakyat dan Kawasan Permukiman;Bansos RTLH;Rumah yang belum memenuhi standart kelayakan a.n Suratinah NIK : 3401 114112 310003;Rt. 33 Rw.16 Sendang Mulyo, Kab. Kulon Progo;Purwoharjo;Samigaluh;15.000.000;20.000.000;;;Dinas Pekerjaan Umum Perumahan dan Kawasan Permukiman
141;2024;PROGRAM BANTUAN LANGSUNG PADA MASYARAKAT;Perumahan Rakyat dan Kawasan Permukiman;Bansos RTLH;Rumah yang belum memenuhi standart kelayakan a.n Sudikarto NIK : 3401 11010 7430003;Rt. 33 Rw.16 Sendang Mulyo, Kab. Kulon Progo;Purwoharjo;Samigaluh;15.000.000;20.000.000;;;Dinas Pekerjaan Umum Perumahan dan Kawasan Permukiman
142;2024;PROGRAM BANTUAN LANGSUNG PADA MASYARAKAT;Perumahan Rakyat dan Kawasan Permukiman;Bansos RTLH;Rumah yang belum memenuhi standart kelayakan a.n Musinah NIK : 3401 1170073 70002;Rt. 33 Rw. 16 Sendang Mulyo, Kab. Kulon Progo;Purwoharjo;Samigaluh;15.000.000;20.000.000;;;Dinas Pekerjaan Umum Perumahan dan Kawasan Permukiman
143;2024;PROGRAM BANTUAN LANGSUNG PADA MASYARAKAT;Perumahan Rakyat dan Kawasan Permukiman;Bansos RTLH;Rumah yang belum memenuhi standart kelayakan a.n Ngajilut NIK : 3401 110809 0001;Rt. 32 Rw. 15 Sendang Mulyo, Kab. Kulon Progo;Purwoharjo;Samigaluh;15.000.000;20.000.000;;;Dinas Pekerjaan Umum Perumahan dan Kawasan Permukiman
144;2024;PROGRAM BANTUAN LANGSUNG PADA MASYARAKAT;Perumahan Rakyat dan Kawasan Permukiman;Bansos RTLH;Rumah yang belum memenuhi standart kelayakan a.n Sudiwiyono NIK : 3401 110502 550001;Rt. 34 rw.17 Padukuhan Besole, Kab. Kulon Progo;Purwoharjo;Samigaluh;15.000.000;20.000.000;;;Dinas Pekerjaan Umum Perumahan dan Kawasan Permukiman
145;2024;PROGRAM BANTUAN LANGSUNG PADA MASYARAKAT;Perumahan Rakyat dan Kawasan Permukiman;Bansos RTLH;Rumah yang belum memenuhi standart kelayakan a.n Sudarman NIK : 3401 11211 2720001;Rt. 35 Rw.18 Padukuhan Besole, Kab. Kulon Progo;Purwoharjo;Samigaluh;15.000.000;20.000.000;;;Dinas Pekerjaan Umum Perumahan dan Kawasan Permukiman
146;2024;PROGRAM BANTUAN LANGSUNG PADA MASYARAKAT;Perumahan Rakyat dan Kawasan Permukiman;Bansos RTLH;Rumah yang belum memenuhi standart kelayakan a.n Sudarmadi NIK : 3401 112904 720002;Rt. 36 Rw. 18 Padukuhan Besole, Kab. Kulon Progo;Purwoharjo;Samigaluh;15.000.000;20.000.000;;;Dinas Pekerjaan Umum Perumahan dan Kawasan Permukiman
147;2024;PROGRAM BANTUAN LANGSUNG PADA MASYARAKAT;Perumahan Rakyat dan Kawasan Permukiman;Bansos RTLH;Rumah yang belum memenuhi standart kelayakan a.n Parjo NIK : 3401 11220 2690001;Rt.22 Rw. 11 Sendangrejo, Kab. Kulon Progo;Purwoharjo;Samigaluh;15.000.000;20.000.000;;;Dinas Pekerjaan Umum Perumahan dan Kawasan Permukiman
148;2024;PROGRAM BANTUAN LANGSUNG PADA MASYARAKAT;Perumahan Rakyat dan Kawasan Permukiman;Bansos RTLH;Rumah yang belum memenuhi standart kelayakan a.n Sugiyo NIK : 3401 112307 090005;Rt.22 Rw. 11 Sendangrejo, Kab. Kulon Progo;Purwoharjo;Samigaluh;15.000.000;20.000.000;;;Dinas Pekerjaan Umum Perumahan dan Kawasan Permukiman
149;2024;PROGRAM BANTUAN LANGSUNG PADA MASYARAKAT;Perumahan Rakyat dan Kawasan Permukiman;Bansos RTLH;Rumah yang belum memenuhi standart kelayakan a.n Priyono NIK : 3401 11270 4920002;Rt. 22 Rw.11 Sendangrejo, Kab. Kulon Progo;Purwoharjo;Samigaluh;15.000.000;20.000.000;;;Dinas Pekerjaan Umum Perumahan dan Kawasan Permukiman
150;2024;PROGRAM BANTUAN LANGSUNG PADA MASYARAKAT;Perumahan Rakyat dan Kawasan Permukiman;Bansos RTLH;Rumah yang belum memenuhi standart kelayakan a.n Daliyo NIK : 3401 110807 630002;Rt. 11 Rw. 5 Plarangan, Kab. Kulon Progo;Purwoharjo;Samigaluh;15.000.000;20.000.000;;;Dinas Pekerjaan Umum Perumahan dan Kawasan Permukiman
151;2024;PROGRAM BANTUAN LANGSUNG PADA MASYARAKAT;Perumahan Rakyat dan Kawasan Permukiman;Bansos RTLH;Rumah yang belum memenuhi standart kelayakan a.n Pujiyono NIK : 3401 1108 2161 0003;Rt. 11 Rw. 5 Plarangan, Kab. Kulon Progo;Purwoharjo;Samigaluh;15.000.000;20.000.000;;;Dinas Pekerjaan Umum Perumahan dan Kawasan Permukiman
152;2024;PROGRAM BANTUAN LANGSUNG PADA MASYARAKAT;Perumahan Rakyat dan Kawasan Permukiman;Bansos RTLH;Rumah yang belum memenuhi standart kelayakan a.n Suwardi NIK : 3401 113012 730001;Rt. 10 Rw.5 Plarangan, Kab. Kulon Progo;Purwoharjo;Samigaluh;15.000.000;20.000.000;;;Dinas Pekerjaan Umum Perumahan dan Kawasan Permukiman
153;2024;PROGRAM BANTUAN LANGSUNG PADA MASYARAKAT;Perumahan Rakyat dan Kawasan Permukiman;Bimtek Pengelola Perpustakaan;Rumah yang belum memenuhi standart kelayakan a.n Mujini NIK : 3401 1131 01760001;Rt. 10 Rw.5 Plarangan, Kab. Kulon Progo;Purwoharjo;Samigaluh;15.000.000;20.000.000;;;Dinas Pekerjaan Umum Perumahan dan Kawasan Permukiman
154;2024;PROGRAM BANTUAN LANGSUNG PADA MASYARAKAT;Perumahan Rakyat dan Kawasan Permukiman;Bansos RTLH;Rumah yang belum memenuhi standart kelayakan a.n Marwiyah NIK : 3401 11460 2530002;Rt.26 Rw. 13 Kalinongko, Kab. Kulon Progo;Purwoharjo;Samigaluh;15.000.000;20.000.000;;;Dinas Pekerjaan Umum Perumahan dan Kawasan Permukiman
155;2024;PROGRAM BANTUAN LANGSUNG PADA MASYARAKAT;Perumahan Rakyat dan Kawasan Permukiman;Bansos RTLH;Rumah yang belum memenuhi standart kelayakan a.n Sugiyem NIK : 3401 1143025 60003;Rt.56 Rw. 28 Dukuh, Kab. Kulon Progo;Purwoharjo;Samigaluh;15.000.000;20.000.000;;;Dinas Pekerjaan Umum Perumahan dan Kawasan Permukiman
156;2024;PROGRAM BANTUAN LANGSUNG PADA MASYARAKAT;Perumahan Rakyat dan Kawasan Permukiman;Bansos RTLH;Rumah yang belum memenuhi standart kelayakan a.n Wartono NIK : 3401 111802 650001;Rt.56 Rw. 28 Dukuh, Kab. Kulon Progo;Purwoharjo;Samigaluh;15.000.000;20.000.000;;;Dinas Pekerjaan Umum Perumahan dan Kawasan Permukiman
157;2024;PROGRAM BANTUAN LANGSUNG PADA MASYARAKAT;Perumahan Rakyat dan Kawasan Permukiman;Bansos RTLH;Rumah yang belum memenuhi standart kelayakan a.n Mujianto NIK : 3401 110111 730001;Rt. 14 Rw. 7 Padukuhan Taman, Kab. Kulon Progo;Purwoharjo;Samigaluh;15.000.000;20.000.000;;;Dinas Pekerjaan Umum Perumahan dan Kawasan Permukiman
158;2024;PROGRAM BANTUAN LANGSUNG PADA MASYARAKAT;Perumahan Rakyat dan Kawasan Permukiman;Bansos RTLH;Rumah yang belum memenuhi standart kelayakan a.n Wujud NIK : 3401 11240 7650001;Rt. 17 Rw. 8 Padukuhan Taman, Kab. Kulon Progo;Purwoharjo;Samigaluh;15.000.000;20.000.000;;;Dinas Pekerjaan Umum Perumahan dan Kawasan Permukiman
159;2024;PROGRAM BANTUAN LANGSUNG PADA MASYARAKAT;Perumahan Rakyat dan Kawasan Permukiman;Bansos RTLH;Rumah yang belum memenuhi standart kelayakan a.n Muhamad Maskur NIK : 3402 13130 7780002;Rt.15 Rw. 07 Padukuhan Taman, Kab. Kulon Progo;Purwoharjo;Samigaluh;15.000.000;20.000.000;;;Dinas Pekerjaan Umum Perumahan dan Kawasan Permukiman
160;2024;PROGRAM BANTUAN LANGSUNG PADA MASYARAKAT;Perumahan Rakyat dan Kawasan Permukiman;Bimtek Pengelola Perpustakaan;Rumah yang belum memenuhi standart kelayakan a.n Mudi Utomo NIK : 3401 11311 228 0014;Rt. 3 rw. 2 Padukuhan Tukharjo, Kab. Kulon Progo;Purwoharjo;Samigaluh;15.000.000;20.000.000;;;Dinas Pekerjaan Umum Perumahan dan Kawasan Permukiman
161;2024;PROGRAM PEMBERDAYAAN MASYARAKAT DAN INFRASTRUKTUR;Pariwisata;Pengembangan Desa Wisata;Tempat wisata yang masih perlu pengembangan;Desa Wisata Tinalah, Wisata Puncak Kleco, Kab. Kulon Progo;Purwoharjo;Samigaluh;2.700.000;;;;Dinas Pariwisata
162;2024;PROGRAM PEMBERDAYAAN MASYARAKAT DAN INFRASTRUKTUR;Pekerjaan Umum dan Penataan Ruang;Rehabilitasi Jaringan Irigasi;Banyak lahan persawahan yang mengalami kekeringan;Rt.39 Rt. 24 Rt. 12 Sendangrejo, Rt. 17 Rw 8. Taman, RT 18 RW. 9 Dusun Puyang, Rt.39 Rw.19 Pagutan, Rt.54 Rw.27 Dukuh, Kab. Kulon Progo;Purwoharjo;Samigaluh;;;;;Dinas Pekerjaan Umum Perumahan dan Kawasan Permukiman
163;2024;PROGRAM BANTUAN LANGSUNG PADA MASYARAKAT;Perumahan Rakyat dan Kawasan Permukiman;Bansos RTLH;Rehap rumah tidak layak huni;Kaliagung, Kab. Kulon Progo;Kaliagung;Sentolo;15.000.000;20.000.000;;;Dinas Pekerjaan Umum Perumahan dan Kawasan Permukiman
164;2024;PROGRAM BINA LINGKUNGAN DAN SOSIAL;Kesehatan;Bantuan Sosial Jamban Sehat;Pengadaan jamban sehat bagi keluarga miskin;Kaliagung, Kab. Kulon Progo;Kaliagung;Sentolo;2.500.000;;;;Dinas Kesehatan
165;2024;PROGRAM BANTUAN LANGSUNG PADA MASYARAKAT;Pendidikan;Bantuan Sosial siswa miskin tingkat SMP;Masih terdapat anak miskin tingkatan SMP yang kekurangan dalam menunjang kebutuhan hidup maupun fasilitas pendidikan.;Demangrejo, Sentolo, Kulon Progo, Kab. Kulon Progo;Demangrejo;Sentolo;1.350.000;;;;Dinas Pendidikan Pemuda dan Olahraga
166;2024;PROGRAM BANTUAN LANGSUNG PADA MASYARAKAT;Pendidikan;Bantuan Sosial siswa miskin tingkat SD;Masih terdapat anak miskin tingkatan SDyang kekurangan dalam menunjang kebutuhan hidup maupun fasilitas pendidikan.;Demangrejo, Sentolo, Kulon Progo, Kab. Kulon Progo;Demangrejo;Sentolo;1.000.000;;;;Dinas Pendidikan Pemuda dan Olahraga
167;2024;PROGRAM BANTUAN LANGSUNG PADA MASYARAKAT;Ketenteraman dan Ketertiban Umum serta Perlindungan Masyarakat;Pelatihan Kebencanaan;Masih kurangnya pengetahuan tentang palatihan kebencanaan bagi relawan yang ada di Kalurahan Demangrejo maka dari itu diperlukan pelatihan kebencanaan.;Demangrejo, Sentolo, Kulon Progo, Kab. Kulon Progo;Demangrejo;Sentolo;11.000.000;;;;Badan Penanggulangan Bencana Daerah
168;2024;PROGRAM PEMBERDAYAAN MASYARAKAT DAN INFRASTRUKTUR;Kelautan dan Perikanan;Pelatihan pembudidaya ikan dalam pengelolaan limbah perikanan kepada pokdakan;Kelompok budidaya ikan yang masih kurang mengenai pengelolaan limbah.;Demangrejo, Sentolo, Kulon Progo, Kab. Kulon Progo;Demangrejo;Sentolo;35.000.000;;;;Dinas Kelautan dan Perikanan
169;2024;PROGRAM BINA LINGKUNGAN DAN SOSIAL;Pemberdayaan Perempuan dan Perlindungan Anak;Pendampingan perempuan dan anak korban kekerasan;Masih sangat kurang edukasi mengenai pendampingan perempuan dan anak korban kekerasan maka dari itu sangat diperlukan bantuan untuk kegiatan sosialisasi.;Demangrejo, Sentolo, Kulon Progo, Kab. Kulon Progo;Demangrejo;Sentolo;8.550.000;;;;Dinas Sosial Pemberdayaan Perempuan dan Perlindungan Anak
170;2024;PROGRAM BINA LINGKUNGAN DAN SOSIAL;Perpustakaan;Bimtek Pengelola Perpustakaan;Perpustakaan ada dengan sarana yang memadai namun pengelolaan perpustakaan perlu dilakukan bimbingan.;Demangrejo, Sentolo, Kulon Progo, Kab. Kulon Progo;Demangrejo;Sentolo;10.000.000;;;;Dinas Perpustakaan dan Kearsipan
171;2024;PROGRAM KEMITRAAN USAHA MIKRO, KECIL, DAN KOPERASI, INDUSTRI KECIL DAN MENENGAH;Penanaman Modal;Pameran;Ada banyak potensi pegiat seni rupa di Demangrejo namun untuk kegiatan dan media penyaluran bakat yang potensial tidak ada. maka dari itu, untuk memperkenalkan dan mempromosikan potensi ini kami mengajukan untuk difasilitasi kegiatan pameran seni rupa.;Demangrejo, Sentolo, Kulon Progo, Kab. Kulon Progo;Demangrejo;Sentolo;32.000.000;;;;Dinas Penanaman Modal dan Pelayanan Terpadu Satu Pintu
